Recall,Precision,F1,Matching Time,#Results,Delta
0.0,0.0,0.0,1.1205673217773438e-05,0,0.95
0.0,0.0,0.0,1.6450881958007812e-05,0,0.8999999999999999
0.0,0.0,0.0,1.7642974853515625e-05,0,0.8499999999999999
0.0,0.0,0.0,1.8596649169921875e-05,0,0.7999999999999998
0.0,0.0,0.0,1.9311904907226562e-05,0,0.7499999999999998
0.013333333333333334,0.6666666666666666,0.026143790849673203,3.5762786865234375e-05,6,0.6999999999999997
0.056666666666666664,0.68,0.10461538461538462,8.368492126464844e-05,25,0.6499999999999997
0.11333333333333333,0.7727272727272727,0.19767441860465115,0.00014328956604003906,44,0.5999999999999996
0.67,0.8445378151260504,0.7472118959107807,0.0005860328674316406,238,0.5499999999999996
