Recall,Precision,F1,Matching Time,#Results,Delta
0.0,0.0,0.0,5.0067901611328125e-06,0,0.95
0.0,0.0,0.0,8.344650268554688e-06,0,0.8999999999999999
0.0,0.0,0.0,9.5367431640625e-06,0,0.8499999999999999
0.0,0.0,0.0,1.0251998901367188e-05,0,0.7999999999999998
0.0025,1.0,0.004987531172069826,1.4066696166992188e-05,1,0.7499999999999998
0.005,0.4,0.009876543209876543,2.5272369384765625e-05,5,0.6999999999999997
0.01,0.4444444444444444,0.019559902200488997,3.3855438232421875e-05,9,0.6499999999999997
0.025,0.5882352941176471,0.047961630695443645,5.316734313964844e-05,17,0.5999999999999996
0.335,0.600896860986547,0.4301765650080257,0.000446319580078125,223,0.5499999999999996
