Recall,Precision,F1,Matching Time,#Results,Delta
0.0,0.0,0.0,8.344650268554688e-06,0,0.95
0.0,0.0,0.0,1.0967254638671875e-05,0,0.8999999999999999
0.0,0.0,0.0,1.1920928955078125e-05,0,0.8499999999999999
0.02,1.0,0.0392156862745098,2.1696090698242188e-05,6,0.7999999999999998
0.08666666666666667,1.0,0.15950920245398773,4.9114227294921875e-05,26,0.7499999999999998
0.19666666666666666,1.0,0.3286908077994429,9.489059448242188e-05,59,0.6999999999999997
0.24333333333333335,1.0,0.3914209115281501,0.00012135505676269531,73,0.6499999999999997
0.9833333333333333,0.9966216216216216,0.9899328859060402,0.0003924369812011719,296,0.5999999999999996
