Recall,Precision,F1,Matching Time,#Results,Delta
0.0,0.0,0.0,4.5299530029296875e-06,0,0.95
0.0,0.0,0.0,7.3909759521484375e-06,0,0.8999999999999999
0.0025,1.0,0.004987531172069826,1.1444091796875e-05,1,0.8499999999999999
0.0075,1.0,0.014888337468982629,1.7881393432617188e-05,3,0.7999999999999998
0.015,1.0,0.02955665024630542,2.5033950805664062e-05,6,0.7499999999999998
0.025,0.9090909090909091,0.04866180048661801,3.790855407714844e-05,11,0.6999999999999997
0.0375,0.8333333333333334,0.07177033492822966,5.14984130859375e-05,18,0.6499999999999997
0.49,0.8166666666666667,0.6125,0.000453948974609375,240,0.5999999999999996
