Recall,Precision,F1,Matching Time,#Results,Delta
0.0,0.0,0.0,4.0531158447265625e-06,0,0.95
0.0,0.0,0.0,7.152557373046875e-06,0,0.8999999999999999
0.0,0.0,0.0,8.344650268554688e-06,0,0.8499999999999999
0.002570694087403599,0.5,0.005115089514066496,1.2874603271484375e-05,2,0.7999999999999998
0.02570694087403599,0.8333333333333334,0.04987531172069826,2.7894973754882812e-05,12,0.7499999999999998
0.061696658097686374,0.8888888888888888,0.11538461538461539,4.9591064453125e-05,27,0.6999999999999997
0.09768637532133675,0.8837209302325582,0.17592592592592593,7.843971252441406e-05,43,0.6499999999999997
0.10539845758354756,0.8913043478260869,0.18850574712643675,8.893013000488281e-05,46,0.5999999999999996
0.6940874035989717,0.9246575342465754,0.7929515418502203,0.00040793418884277344,292,0.5499999999999996
