Recall,Precision,F1,Matching Time,#Results,Delta
0.0,0.0,0.0,7.867813110351562e-06,0,0.95
0.0,0.0,0.0,1.5974044799804688e-05,0,0.8999999999999999
0.013333333333333334,1.0,0.02631578947368421,2.8848648071289062e-05,4,0.8499999999999999
0.08333333333333333,1.0,0.15384615384615385,7.033348083496094e-05,25,0.7999999999999998
0.3566666666666667,1.0,0.5257985257985258,0.0002067089080810547,107,0.7499999999999998
0.7933333333333333,0.99581589958159,0.8831168831168831,0.0004260540008544922,239,0.6999999999999997
0.9733333333333334,0.9931972789115646,0.9831649831649831,0.0005657672882080078,294,0.6499999999999997
0.9733333333333334,0.9931972789115646,0.9831649831649831,0.0007238388061523438,300,0.5999999999999996
