Recall,Precision,F1,Matching Time,#Results,Delta
0.0,0.0,0.0,1.430511474609375e-06,0,0.95
0.0,0.0,0.0,6.67572021484375e-06,0,0.8999999999999999
0.0,0.0,0.0,7.3909759521484375e-06,0,0.8499999999999999
0.00763016157989228,0.68,0.015090989791389259,2.288818359375e-05,25,0.7999999999999998
0.07450628366247755,0.43455497382198954,0.12720306513409962,0.0002498626708984375,382,0.7499999999999998
0.14721723518850988,0.3166023166023166,0.20098039215686275,0.0009143352508544922,1036,0.6999999999999997
0.19120287253141832,0.24970691676436108,0.21657346212506356,0.0024094581604003906,1706,0.6499999999999997
0.2001795332136445,0.20899718837863168,0.20449335167354424,0.004179477691650391,2134,0.5999999999999996
0.2001795332136445,0.2043060009161704,0.20222171843119474,0.004538059234619141,2183,0.5499999999999996
