Recall,Precision,F1,Matching Time,#Results,Delta
0.0,0.0,0.0,4.0531158447265625e-06,0,0.95
0.0,0.0,0.0,6.67572021484375e-06,0,0.8999999999999999
0.0,0.0,0.0,7.62939453125e-06,0,0.8499999999999999
0.0,0.0,0.0,8.58306884765625e-06,0,0.7999999999999998
0.0033333333333333335,1.0,0.006644518272425249,1.1444091796875e-05,1,0.7499999999999998
0.023333333333333334,0.875,0.045454545454545456,2.3603439331054688e-05,8,0.6999999999999997
0.07,0.7241379310344828,0.12765957446808512,5.984306335449219e-05,29,0.6499999999999997
0.12,0.8181818181818182,0.20930232558139536,9.036064147949219e-05,44,0.5999999999999996
0.66,0.8461538461538461,0.7415730337078651,0.0003859996795654297,234,0.5499999999999996
