Recall,Precision,F1,Matching Time,#Results,Delta
0.0,0.0,0.0,4.5299530029296875e-06,0,0.95
0.0,0.0,0.0,7.867813110351562e-06,0,0.8999999999999999
0.0,0.0,0.0,1.2159347534179688e-05,1,0.8499999999999999
0.016666666666666666,0.8333333333333334,0.032679738562091505,2.1696090698242188e-05,6,0.7999999999999998
0.08333333333333333,0.9615384615384616,0.15337423312883433,5.745887756347656e-05,26,0.7499999999999998
0.20333333333333334,0.9682539682539683,0.33608815426997246,0.00011992454528808594,63,0.6999999999999997
0.25,0.9615384615384616,0.3968253968253968,0.0001590251922607422,78,0.6499999999999997
0.26,0.9629629629629629,0.40944881889763773,0.0001785755157470703,81,0.5999999999999996
0.9666666666666667,0.9666666666666667,0.9666666666666667,0.0005280971527099609,300,0.5499999999999996
