Recall,Precision,F1,Matching Time,#Results,Delta
0.0,0.0,0.0,3.814697265625e-06,0,0.95
0.0,0.0,0.0,6.4373016357421875e-06,0,0.8999999999999999
0.0,0.0,0.0,7.152557373046875e-06,0,0.8499999999999999
0.0,0.0,0.0,7.867813110351562e-06,0,0.7999999999999998
0.0075,0.75,0.014851485148514853,1.5020370483398438e-05,4,0.7499999999999998
0.0125,0.8333333333333334,0.024630541871921187,2.09808349609375e-05,6,0.6999999999999997
0.0375,0.8823529411764706,0.07194244604316548,3.62396240234375e-05,17,0.6499999999999997
0.095,0.926829268292683,0.17233560090702948,6.890296936035156e-05,41,0.5999999999999996
0.7225,0.9145569620253164,0.8072625698324022,0.00043010711669921875,316,0.5499999999999996
