Recall,Precision,F1,Matching Time,#Results,Delta
0.0075,0.75,0.014851485148514853,1.0251998901367188e-05,4,0.95
0.0425,0.8947368421052632,0.081145584725537,3.933906555175781e-05,19,0.8999999999999999
0.05,0.9090909090909091,0.09478672985781991,4.8160552978515625e-05,22,0.8499999999999999
0.0525,0.9130434782608695,0.09929078014184396,5.364418029785156e-05,23,0.7999999999999998
0.055,0.9166666666666666,0.10377358490566037,5.936622619628906e-05,24,0.7499999999999998
0.0775,0.9117647058823529,0.14285714285714285,7.653236389160156e-05,34,0.6999999999999997
0.0925,0.9024390243902439,0.16780045351473924,9.298324584960938e-05,41,0.6499999999999997
0.0975,0.8478260869565217,0.1748878923766816,0.0001049041748046875,46,0.5999999999999996
0.685,0.8726114649681529,0.7675070028011205,0.000457763671875,314,0.5499999999999996
