Recall,Precision,F1,Matching Time,#Results,Delta
0.0,0.0,0.0,4.0531158447265625e-06,0,0.95
0.0025,0.5,0.0049751243781094535,1.0967254638671875e-05,2,0.8999999999999999
0.0025,0.5,0.0049751243781094535,1.3828277587890625e-05,2,0.8499999999999999
0.01,0.6666666666666666,0.019704433497536946,2.0742416381835938e-05,6,0.7999999999999998
0.02,0.6153846153846154,0.0387409200968523,3.147125244140625e-05,13,0.7499999999999998
0.035,0.7,0.06666666666666667,4.982948303222656e-05,20,0.6999999999999997
0.055,0.7857142857142857,0.10280373831775699,6.4849853515625e-05,28,0.6499999999999997
0.4875,0.7358490566037735,0.5864661654135339,0.0004420280456542969,265,0.5999999999999996
