Recall,Precision,F1,Matching Time,#Results,Delta
0.0,0.0,0.0,3.814697265625e-06,0,0.95
0.0,0.0,0.0,6.198883056640625e-06,0,0.8999999999999999
0.0,0.0,0.0,7.152557373046875e-06,0,0.8499999999999999
0.002570694087403599,0.5,0.005115089514066496,1.2159347534179688e-05,2,0.7999999999999998
0.02570694087403599,0.9090909090909091,0.05,2.765655517578125e-05,11,0.7499999999999998
0.061696658097686374,0.8275862068965517,0.11483253588516745,5.435943603515625e-05,29,0.6999999999999997
0.09254498714652956,0.8780487804878049,0.16744186046511628,7.581710815429688e-05,41,0.6499999999999997
0.11053984575835475,0.8775510204081632,0.19634703196347034,9.417533874511719e-05,49,0.5999999999999996
0.7043701799485861,0.8925081433224755,0.7873563218390803,0.0004601478576660156,307,0.5499999999999996
