Recall,Precision,F1,Matching Time,#Results,Delta
0.0,0.0,0.0,3.814697265625e-06,0,0.95
0.0,0.0,0.0,6.67572021484375e-06,0,0.8999999999999999
0.0,0.0,0.0,7.62939453125e-06,0,0.8499999999999999
0.0,0.0,0.0,8.344650268554688e-06,0,0.7999999999999998
0.0033333333333333335,1.0,0.006644518272425249,1.1682510375976562e-05,1,0.7499999999999998
0.013333333333333334,0.6666666666666666,0.026143790849673203,2.3603439331054688e-05,6,0.6999999999999997
0.043333333333333335,0.7647058823529411,0.08201892744479496,4.2438507080078125e-05,17,0.6499999999999997
0.1,0.7894736842105263,0.1775147928994083,7.319450378417969e-05,38,0.5999999999999996
0.6166666666666667,0.8149779735682819,0.7020872865275144,0.00036263465881347656,227,0.5499999999999996
