Recall,Precision,F1,Matching Time,#Results,Delta
0.0,0.0,0.0,3.814697265625e-06,0,0.95
0.0,0.0,0.0,6.67572021484375e-06,0,0.8999999999999999
0.0,0.0,0.0,7.62939453125e-06,0,0.8499999999999999
0.0,0.0,0.0,8.106231689453125e-06,0,0.7999999999999998
0.0,0.0,0.0,8.821487426757812e-06,0,0.7499999999999998
0.0125,0.3333333333333333,0.024096385542168676,3.0517578125e-05,15,0.6999999999999997
0.0225,0.2903225806451613,0.04176334106728538,6.175041198730469e-05,31,0.6499999999999997
0.04,0.34782608695652173,0.07174887892376683,0.00010895729064941406,46,0.5999999999999996
0.415,0.5804195804195804,0.48396501457725943,0.0005331039428710938,286,0.5499999999999996
