Recall,Precision,F1,Matching Time,#Results,Delta
0.0,0.0,0.0,4.0531158447265625e-06,0,0.95
0.0,0.0,0.0,6.198883056640625e-06,0,0.8999999999999999
0.0,0.0,0.0,7.3909759521484375e-06,0,0.8499999999999999
0.016666666666666666,1.0,0.03278688524590164,1.6450881958007812e-05,5,0.7999999999999998
0.08333333333333333,1.0,0.15384615384615385,4.57763671875e-05,25,0.7499999999999998
0.19,0.9827586206896551,0.31843575418994413,9.751319885253906e-05,58,0.6999999999999997
0.24333333333333335,0.9864864864864865,0.3903743315508022,0.00012755393981933594,74,0.6499999999999997
0.9866666666666667,0.9899665551839465,0.9883138564273791,0.0004062652587890625,299,0.5999999999999996
