Recall,Precision,F1,Matching Time,#Results,Delta
0.01,0.5714285714285714,0.019656019656019656,1.4543533325195312e-05,7,0.95
0.0325,0.8125,0.0625,3.552436828613281e-05,16,0.8999999999999999
0.04,0.8421052631578947,0.07637231503579953,4.410743713378906e-05,19,0.8499999999999999
0.045,0.8181818181818182,0.08530805687203791,5.173683166503906e-05,22,0.7999999999999998
0.0475,0.7916666666666666,0.08962264150943397,5.91278076171875e-05,24,0.7499999999999998
0.0625,0.8064516129032258,0.11600928074245939,7.2479248046875e-05,31,0.6999999999999997
0.0825,0.8048780487804879,0.14965986394557823,9.059906005859375e-05,41,0.6499999999999997
0.09,0.8181818181818182,0.16216216216216217,0.00010037422180175781,44,0.5999999999999996
0.6825,0.900990099009901,0.7766714082503556,0.00043463706970214844,303,0.5499999999999996
