Recall,Precision,F1,Matching Time,#Results,Delta
0.0,0.0,0.0,5.0067901611328125e-06,0,0.95
0.0,0.0,0.0,7.62939453125e-06,0,0.8999999999999999
0.0025,1.0,0.004987531172069826,1.1682510375976562e-05,1,0.8499999999999999
0.0075,0.75,0.014851485148514853,1.8596649169921875e-05,4,0.7999999999999998
0.025,0.7692307692307693,0.048426150121065374,3.361701965332031e-05,13,0.7499999999999998
0.0325,0.8125,0.0625,4.1961669921875e-05,16,0.6999999999999997
0.035,0.8235294117647058,0.0671462829736211,5.054473876953125e-05,17,0.6499999999999997
0.495,0.8148148148148148,0.6158631415241057,0.00039005279541015625,243,0.5999999999999996
