Recall,Precision,F1,Matching Time,#Results,Delta
0.0,0.0,0.0,4.291534423828125e-06,0,0.95
0.0,0.0,0.0,6.67572021484375e-06,0,0.8999999999999999
0.002570694087403599,1.0,0.005128205128205128,1.0251998901367188e-05,1,0.8499999999999999
0.015424164524421594,1.0,0.03037974683544304,1.9788742065429688e-05,6,0.7999999999999998
0.030848329048843187,0.9230769230769231,0.05970149253731343,3.0994415283203125e-05,13,0.7499999999999998
0.043701799485861184,0.8095238095238095,0.08292682926829269,4.649162292480469e-05,21,0.6999999999999997
0.08483290488431877,0.868421052631579,0.15456674473067916,7.605552673339844e-05,38,0.6499999999999997
0.09768637532133675,0.8837209302325582,0.17592592592592593,8.869171142578125e-05,43,0.5999999999999996
0.6812339331619537,0.9137931034482759,0.7805596465390281,0.0004165172576904297,290,0.5499999999999996
