Recall,Precision,F1,Matching Time,#Results,Delta
0.0,0.0,0.0,4.0531158447265625e-06,0,0.95
0.0,0.0,0.0,6.67572021484375e-06,0,0.8999999999999999
0.0,0.0,0.0,1.049041748046875e-05,1,0.8499999999999999
0.0,0.0,0.0,1.1205673217773438e-05,1,0.7999999999999998
0.0,0.0,0.0,1.5020370483398438e-05,3,0.7499999999999998
0.0025,0.1,0.004878048780487805,2.765655517578125e-05,10,0.6999999999999997
0.0225,0.32142857142857145,0.04205607476635514,6.532669067382812e-05,28,0.6499999999999997
0.0325,0.3023255813953488,0.058690744920993236,0.000110626220703125,43,0.5999999999999996
0.3875,0.5636363636363636,0.45925925925925926,0.0005090236663818359,275,0.5499999999999996
