Recall,Precision,F1,Matching Time,#Results,Delta
0.0,0.0,0.0,4.5299530029296875e-06,0,0.95
0.0,0.0,0.0,7.3909759521484375e-06,0,0.8999999999999999
0.006666666666666667,1.0,0.013245033112582783,1.3113021850585938e-05,2,0.8499999999999999
0.016666666666666666,1.0,0.03278688524590164,2.1457672119140625e-05,5,0.7999999999999998
0.06666666666666667,0.9523809523809523,0.12461059190031153,5.0067901611328125e-05,21,0.7499999999999998
0.19666666666666666,0.9833333333333333,0.3277777777777777,0.00011277198791503906,60,0.6999999999999997
0.24333333333333335,0.9864864864864865,0.3903743315508022,0.00014543533325195312,74,0.6499999999999997
0.9833333333333333,0.9866220735785953,0.9849749582637728,0.0004837512969970703,299,0.5999999999999996
