Recall,Precision,F1,Matching Time,#Results,Delta
0.0,0.0,0.0,4.0531158447265625e-06,0,0.95
0.0025,1.0,0.004987531172069826,9.059906005859375e-06,1,0.8999999999999999
0.005,0.6666666666666666,0.009925558312655087,1.4781951904296875e-05,3,0.8499999999999999
0.0075,0.6,0.014814814814814815,2.0265579223632812e-05,5,0.7999999999999998
0.01,0.5,0.0196078431372549,2.5987625122070312e-05,8,0.7499999999999998
0.02,0.5714285714285714,0.03864734299516908,3.552436828613281e-05,14,0.6999999999999997
0.025,0.625,0.04807692307692307,4.482269287109375e-05,16,0.6499999999999997
0.4825,0.7628458498023716,0.5911179173047473,0.0004191398620605469,253,0.5999999999999996
