Recall,Precision,F1,Matching Time,#Results,Delta
0.0,0.0,0.0,3.814697265625e-06,0,0.95
0.0,0.0,0.0,6.4373016357421875e-06,0,0.8999999999999999
0.0,0.0,0.0,7.152557373046875e-06,0,0.8499999999999999
0.002570694087403599,0.5,0.005115089514066496,1.1920928955078125e-05,2,0.7999999999999998
0.028277634961439587,0.8461538461538461,0.05472636815920398,2.8848648071289062e-05,13,0.7499999999999998
0.05141388174807198,0.8333333333333334,0.09685230024213076,4.744529724121094e-05,24,0.6999999999999997
0.07969151670951156,0.8857142857142857,0.14622641509433962,6.818771362304688e-05,35,0.6499999999999997
0.6735218508997429,0.8821548821548821,0.7638483965014577,0.0004124641418457031,297,0.5999999999999996
