Recall,Precision,F1,Matching Time,#Results,Delta
0.0,0.0,0.0,4.0531158447265625e-06,0,0.95
0.0,0.0,0.0,7.152557373046875e-06,0,0.8999999999999999
0.0,0.0,0.0,8.106231689453125e-06,0,0.8499999999999999
0.0,0.0,0.0,9.059906005859375e-06,0,0.7999999999999998
0.0033333333333333335,0.5,0.006622516556291392,1.3589859008789062e-05,2,0.7499999999999998
0.016666666666666666,0.7142857142857143,0.032573289902280124,2.4318695068359375e-05,7,0.6999999999999997
0.07333333333333333,0.7333333333333333,0.13333333333333333,5.507469177246094e-05,30,0.6499999999999997
0.11333333333333333,0.7555555555555555,0.19710144927536233,8.916854858398438e-05,45,0.5999999999999996
0.6566666666666666,0.8174273858921162,0.7282809611829946,0.0003979206085205078,241,0.5499999999999996
