Recall,Precision,F1,Matching Time,#Results,Delta
0.0,0.0,0.0,4.291534423828125e-06,0,0.95
0.0,0.0,0.0,7.152557373046875e-06,0,0.8999999999999999
0.005,1.0,0.009950248756218907,1.1920928955078125e-05,2,0.8499999999999999
0.015,0.8571428571428571,0.02948402948402948,2.2411346435546875e-05,7,0.7999999999999998
0.025,0.9090909090909091,0.04866180048661801,3.0279159545898438e-05,11,0.7499999999999998
0.0325,0.8125,0.0625,4.100799560546875e-05,16,0.6999999999999997
0.0375,0.8333333333333334,0.07177033492822966,4.76837158203125e-05,18,0.6499999999999997
0.46,0.7829787234042553,0.5795275590551181,0.0003795623779296875,235,0.5999999999999996
