Recall,Precision,F1,Matching Time,#Results,Delta
0.0,0.0,0.0,4.291534423828125e-06,0,0.95
0.0,0.0,0.0,7.3909759521484375e-06,0,0.8999999999999999
0.0,0.0,0.0,1.1205673217773438e-05,1,0.8499999999999999
0.010282776349614395,0.5714285714285714,0.0202020202020202,2.2411346435546875e-05,7,0.7999999999999998
0.04113110539845758,0.7272727272727273,0.07785888077858881,5.030632019042969e-05,22,0.7499999999999998
0.05912596401028278,0.7666666666666667,0.10978520286396182,6.937980651855469e-05,30,0.6999999999999997
0.08483290488431877,0.825,0.15384615384615383,9.512901306152344e-05,40,0.6499999999999997
0.10025706940874037,0.8297872340425532,0.17889908256880735,0.00011372566223144531,47,0.5999999999999996
0.6478149100257069,0.8484848484848485,0.7346938775510204,0.0005295276641845703,297,0.5499999999999996
